"Local Authorities","Name","Emergency Admission Rates (Age-Standardised) per 100,000 population(FY 01/02)","Numerator","Emergency Admission Rates (Age-Standardised) per 100,000 population(FY 02/03)","Numerator","Emergency Admission Rates (Age-Standardised) per 100,000 population(FY 03/04)","Numerator","Emergency Admission Rates (Age-Standardised) per 100,000 population(FY 04/05)","Numerator","Emergency Admission Rates (Age-Standardised) per 100,000 population(FY 05/06)","Numerator","Emergency Admission Rates (Age-Standardised) per 100,000 population(FY 06/07)","Numerator","Emergency Admission Rates (Age-Standardised) per 100,000 population(FY 07/08)","Numerator","Emergency Admission Rates (Age-Standardised) per 100,000 population(FY 08/09)","Numerator","Emergency Admission Rates (Age-Standardised) per 100,000 population(FY 09/10)","Numerator","Emergency Admission Rates (Age-Standardised) per 100,000 population(FY 10/11)","Numerator","Emergency Admission Rates (Age-Standardised) per 100,000 population(FY 11/12)","Numerator","Emergency Admission Rates (Age-Standardised) per 100,000 population - 2 Yr Range (FY 02/03 - 03/04)","Numerator","Emergency Admission Rates (Age-Standardised) per 100,000 population - 2 Yr Range (FY 04/05 - 05/06)","Numerator","Emergency Admission Rates (Age-Standardised) per 100,000 population - 2 Yr Range (FY 06/07 - 07/08)","Numerator","Emergency Admission Rates (Age-Standardised) per 100,000 population - 2 Yr Range (FY 08/09 - 09/10)","Numerator","Emergency Admission Rates (Age-Standardised) per 100,000 population - 2 Yr Range (FY 10/11 - 11/12)","Numerator","Emergency Admission Rates (Age-Standardised) per 100,000 population - 3 Yr Range(FY 03/04 - 05/06)","Numerator","Emergency Admission Rates (Age-Standardised) per 100,000 population - 3 Yr Range(FY 06/07 - 08/09)","Numerator","Emergency Admission Rates (Age-Standardised) per 100,000 population - 3 Yr Range(FY 09/10 - 11/12)","Numerator","Emergency Admission Rates (Age-Standardised) per 100,000 population, Females - 2 Yr Range (FY 02/03 - 03/04)","Numerator","Emergency Admission Rates (Age-Standardised) per 100,000 population, Females - 2 Yr Range (FY 04/05 - 05/06)","Numerator","Emergency Admission Rates (Age-Standardised) per 100,000 population, Females - 2 Yr Range (FY 06/07 - 07/08)","Numerator","Emergency Admission Rates (Age-Standardised) per 100,000 population, Females - 2 Yr Range (FY 08/09 - 09/10)","Numerator","Emergency Admission Rates (Age-Standardised) per 100,000 population, Females - 2 Yr Range (FY 10/11 - 11/12)","Numerator","Emergency Admission Rates (Age-Standardised) per 100,000 population, Females - 3 Yr Range(FY 03/04 - 05/06)","Numerator","Emergency Admission Rates (Age-Standardised) per 100,000 population, Females - 3 Yr Range(FY 06/07 - 08/09)","Numerator","Emergency Admission Rates (Age-Standardised) per 100,000 population, Females - 3 Yr Range(FY 09/10 - 11/12)","Numerator","Emergency Admission Rates (Age-Standardised) per 100,000 population, Males - 2 Yr Range (FY 02/03 - 03/04)","Numerator","Emergency Admission Rates (Age-Standardised) per 100,000 population, Males - 2 Yr Range (FY 04/05 - 05/06)","Numerator","Emergency Admission Rates (Age-Standardised) per 100,000 population, Males - 2 Yr Range (FY 06/07 - 07/08)","Numerator","Emergency Admission Rates (Age-Standardised) per 100,000 population, Males - 2 Yr Range (FY 08/09 - 09/10)","Numerator","Emergency Admission Rates (Age-Standardised) per 100,000 population, Males - 2 Yr Range (FY 10/11 - 11/12)","Numerator","Emergency Admission Rates (Age-Standardised) per 100,000 population, Males - 3 Yr Range(FY 03/04 - 05/06)","Numerator","Emergency Admission Rates (Age-Standardised) per 100,000 population, Males - 3 Yr Range(FY 06/07 - 08/09)","Numerator","Emergency Admission Rates (Age-Standardised) per 100,000 population, Males - 3 Yr Range(FY 09/10 - 11/12)","Numerator","Emergency Admission Rates (Age-Standardised) per 100,000 population - 3 Yr Range(FY 03/04 - 05/06)","Numerator","Emergency Admission Rates (Age-Standardised) per 100,000 population - 3 Yr Range(FY 06/07 - 08/09)","Numerator","Emergency Admission Rates (Age-Standardised) per 100,000 population - 3 Yr Range(FY 09/10 - 11/12)","Numerator","Emergency Admission Rates (Age-Standardised) per 100,000 population(FY 01/02)","Numerator","Emergency Admission Rates (Age-Standardised) per 100,000 population(FY 02/03)","Numerator","Emergency Admission Rates (Age-Standardised) per 100,000 population(FY 03/04)","Numerator","Emergency Admission Rates (Age-Standardised) per 100,000 population(FY 04/05)","Numerator","Emergency Admission Rates (Age-Standardised) per 100,000 population(FY 05/06)","Numerator","Emergency Admission Rates (Age-Standardised) per 100,000 population(FY 06/07)","Numerator","Emergency Admission Rates (Age-Standardised) per 100,000 population(FY 07/08)","Numerator","Emergency Admission Rates (Age-Standardised) per 100,000 population(FY 08/09)","Numerator","Emergency Admission Rates (Age-Standardised) per 100,000 population(FY 09/10)","Numerator","Emergency Admission Rates (Age-Standardised) per 100,000 population(FY 10/11)","Numerator","Emergency Admission Rates (Age-Standardised) per 100,000 population(FY 11/12)","Numerator","Emergency Admission Rates (Age-Standardised) per 100,000 population - 2 Yr Range (FY 02/03 - 03/04)","Numerator","Emergency Admission Rates (Age-Standardised) per 100,000 population - 2 Yr Range (FY 04/05 - 05/06)","Numerator","Emergency Admission Rates (Age-Standardised) per 100,000 population - 2 Yr Range (FY 06/07 - 07/08)","Numerator","Emergency Admission Rates (Age-Standardised) per 100,000 population - 2 Yr Range (FY 08/09 - 09/10)","Numerator","Emergency Admission Rates (Age-Standardised) per 100,000 population - 2 Yr Range (FY 10/11 - 11/12)","Numerator","Emergency Admission Rates (Age-Standardised) per 100,000 population - 3 Yr Range(FY 03/04 - 05/06)","Numerator","Emergency Admission Rates (Age-Standardised) per 100,000 population - 3 Yr Range(FY 06/07 - 08/09)","Numerator","Emergency Admission Rates (Age-Standardised) per 100,000 population - 3 Yr Range(FY 09/10 - 11/12)","Numerator","Emergency Admission Rates (Age-Standardised) per 100,000 population, Females - 3 Yr Range(FY 03/04 - 05/06)","Numerator","Emergency Admission Rates (Age-Standardised) per 100,000 population, Females - 3 Yr Range(FY 06/07 - 08/09)","Numerator","Emergency Admission Rates (Age-Standardised) per 100,000 population, Females - 3 Yr Range(FY 09/10 - 11/12)","Numerator","Emergency Admission Rates (Age-Standardised) per 100,000 population, Males - 3 Yr Range(FY 03/04 - 05/06)","Numerator","Emergency Admission Rates (Age-Standardised) per 100,000 population, Males - 3 Yr Range(FY 06/07 - 08/09)","Numerator","Emergency Admission Rates (Age-Standardised) per 100,000 population, Males - 3 Yr Range(FY 09/10 - 11/12)","Numerator","Emergency Admission Rates (Age-Standardised) per 100,000 population(FY 01/02)","Numerator","Emergency Admission Rates (Age-Standardised) per 100,000 population(FY 02/03)","Numerator","Emergency Admission Rates (Age-Standardised) per 100,000 population(FY 03/04)","Numerator","Emergency Admission Rates (Age-Standardised) per 100,000 population(FY 04/05)","Numerator","Emergency Admission Rates (Age-Standardised) per 100,000 population(FY 05/06)","Numerator","Emergency Admission Rates (Age-Standardised) per 100,000 population(FY 06/07)","Numerator","Emergency Admission Rates (Age-Standardised) per 100,000 population(FY 07/08)","Numerator","Emergency Admission Rates (Age-Standardised) per 100,000 population(FY 08/09)","Numerator","Emergency Admission Rates (Age-Standardised) per 100,000 population(FY 09/10)","Numerator","Emergency Admission Rates (Age-Standardised) per 100,000 population(FY 10/11)","Numerator","Emergency Admission Rates (Age-Standardised) per 100,000 population(FY 11/12)","Numerator","Emergency Admission Rates (Age-Standardised) per 100,000 population - 2 Yr Range (FY 02/03 - 03/04)","Numerator","Emergency Admission Rates (Age-Standardised) per 100,000 population - 2 Yr Range (FY 04/05 - 05/06)","Numerator","Emergency Admission Rates (Age-Standardised) per 100,000 population - 2 Yr Range (FY 06/07 - 07/08)","Numerator","Emergency Admission Rates (Age-Standardised) per 100,000 population - 2 Yr Range (FY 08/09 - 09/10)","Numerator","Emergency Admission Rates (Age-Standardised) per 100,000 population - 2 Yr Range (FY 10/11 - 11/12)","Numerator","Emergency Admission Rates (Age-Standardised) per 100,000 population - 3 Yr Range(FY 03/04 - 05/06)","Numerator","Emergency Admission Rates (Age-Standardised) per 100,000 population - 3 Yr Range(FY 06/07 - 08/09)","Numerator","Emergency Admission Rates (Age-Standardised) per 100,000 population - 3 Yr Range(FY 09/10 - 11/12)","Numerator","Emergency Admission Rates (Age-Standardised) per 100,000 population, Females(FY 01/02)","Numerator","Emergency Admission Rates (Age-Standardised) per 100,000 population, Females(FY 02/03)","Numerator","Emergency Admission Rates (Age-Standardised) per 100,000 population, Females(FY 03/04)","Numerator","Emergency Admission Rates (Age-Standardised) per 100,000 population, Females(FY 04/05)","Numerator","Emergency Admission Rates (Age-Standardised) per 100,000 population, Females(FY 05/06)","Numerator","Emergency Admission Rates (Age-Standardised) per 100,000 population, Females(FY 06/07)","Numerator","Emergency Admission Rates (Age-Standardised) per 100,000 population, Females(FY 07/08)","Numerator","Emergency Admission Rates (Age-Standardised) per 100,000 population, Females(FY 08/09)","Numerator","Emergency Admission Rates (Age-Standardised) per 100,000 population, Females(FY 09/10)","Numerator","Emergency Admission Rates (Age-Standardised) per 100,000 population, Females(FY 10/11)","Numerator","Emergency Admission Rates (Age-Standardised) per 100,000 population, Females(FY 11/12)","Numerator","Emergency Admission Rates (Age-Standardised) per 100,000 population, Females - 2 Yr Range (FY 02/03 - 03/04)","Numerator","Emergency Admission Rates (Age-Standardised) per 100,000 population, Females - 2 Yr Range (FY 04/05 - 05/06)","Numerator","Emergency Admission Rates (Age-Standardised) per 100,000 population, Females - 2 Yr Range (FY 06/07 - 07/08)","Numerator","Emergency Admission Rates (Age-Standardised) per 100,000 population, Females - 2 Yr Range (FY 08/09 - 09/10)","Numerator","Emergency Admission Rates (Age-Standardised) per 100,000 population, Females - 2 Yr Range (FY 10/11 - 11/12)","Numerator","Emergency Admission Rates (Age-Standardised) per 100,000 population, Females - 3 Yr Range(FY 03/04 - 05/06)","Numerator","Emergency Admission Rates (Age-Standardised) per 100,000 population, Females - 3 Yr Range(FY 06/07 - 08/09)","Numerator","Emergency Admission Rates (Age-Standardised) per 100,000 population, Females - 3 Yr Range(FY 09/10 - 11/12)","Numerator","Emergency Admission Rates (Age-Standardised) per 100,000 population, Males(FY 01/02)","Numerator","Emergency Admission Rates (Age-Standardised) per 100,000 population, Males(FY 02/03)","Numerator","Emergency Admission Rates (Age-Standardised) per 100,000 population, Males(FY 03/04)","Numerator","Emergency Admission Rates (Age-Standardised) per 100,000 population, Males(FY 04/05)","Numerator","Emergency Admission Rates (Age-Standardised) per 100,000 population, Males(FY 05/06)","Numerator","Emergency Admission Rates (Age-Standardised) per 100,000 population, Males(FY 06/07)","Numerator","Emergency Admission Rates (Age-Standardised) per 100,000 population, Males(FY 07/08)","Numerator","Emergency Admission Rates (Age-Standardised) per 100,000 population, Males(FY 08/09)","Numerator","Emergency Admission Rates (Age-Standardised) per 100,000 population, Males(FY 09/10)","Numerator","Emergency Admission Rates (Age-Standardised) per 100,000 population, Males(FY 10/11)","Numerator","Emergency Admission Rates (Age-Standardised) per 100,000 population, Males(FY 11/12)","Numerator","Emergency Admission Rates (Age-Standardised) per 100,000 population, Males - 2 Yr Range (FY 02/03 - 03/04)","Numerator","Emergency Admission Rates (Age-Standardised) per 100,000 population, Males - 2 Yr Range (FY 04/05 - 05/06)","Numerator","Emergency Admission Rates (Age-Standardised) per 100,000 population, Males - 2 Yr Range (FY 06/07 - 07/08)","Numerator","Emergency Admission Rates (Age-Standardised) per 100,000 population, Males - 2 Yr Range (FY 08/09 - 09/10)","Numerator","Emergency Admission Rates (Age-Standardised) per 100,000 population, Males - 2 Yr Range (FY 10/11 - 11/12)","Numerator","Emergency Admission Rates (Age-Standardised) per 100,000 population, Males - 3 Yr Range(FY 03/04 - 05/06)","Numerator","Emergency Admission Rates (Age-Standardised) per 100,000 population, Males - 3 Yr Range(FY 06/07 - 08/09)","Numerator","Emergency Admission Rates (Age-Standardised) per 100,000 population, Males - 3 Yr Range(FY 09/10 - 11/12)","Numerator",
"00NA","Isle of Anglesey","57.43","35","91.84","52","83.39","47","76.31","45","91.41","51","101.63","59","98.58","54","86.29","48","47.73","26","57.29","32","106.97","59","87.60","99","83.87","96","100.40","113","67.03","74","81.98","91","83.85","143","95.99","161","70.37","117","21.86","12","23.30","13","38.40","22","9.49","5","24.64","13","26.49","22","27.65","24","20.12","16","154.34","87","143.34","83","162.98","91","123.65","69","138.25","78","140.77","121","164.13","137","119.50","101","4.91","9","11.32","19","8.31","14","18.00","11","11.55","8","18.17","11","22.12","14","9.46","6","18.88","11","3.80","4","5.14","4","8.03","7","6.27","6","16.64","12","14.79","19","15.81","20","11.34","15","6.61","11","11.42","18","16.63","31","9.25","19","10.27","25","15.81","15","7.85","10","12.33","16","17.66","16","10.24","9","8.35","9","112.25","70","159.28","99","134.27","79","136.96","91","130.72","80","157.91","97","186.64","117","133.49","87","108.06","73","130.57","85","169.27","103","146.84","178","133.78","171","171.98","214","120.88","160","149.84","188","133.98","250","159.13","301","135.76","261","81.79","26","105.41","35","129.72","37","84.49","30","82.59","27","130.81","43","151.02","51","82.96","27","69.79","24","109.00","37","131.39","41","117.17","72","83.29","57","140.94","94","76.33","51","120.24","78","98.78","94","121.97","121","103.31","102","142.75","44","214.16","64","141.33","42","185.20","60","176.98","53","183.10","54","219.82","66","186.23","60","147.79","49","152.96","48","208.82","62","177.85","106","181.08","113","200.86","120","167.24","109","180.62","110","167.89","155","195.64","180","169.37","159",
"00NC","Gwynedd","51.71","54","83.36","87","82.27","87","60.40","65","72.36","76","90.16","99","97.71","108","80.87","88","58.19","66","49.88","57","80.01","91","82.91","174","66.37","141","93.92","207","69.59","154","64.81","148","71.67","228","89.54","295","62.57","214","20.90","23","16.89","18","36.25","43","15.98","19","20.32","24","18.04","29","32.34","57","16.12","29","147.27","151","117.10","123","153.02","164","123.97","135","108.99","124","126.77","199","147.92","238","109.00","185","3.76","12","7.83","25","3.27","11","13.41","15","9.77","14","22.65","22","10.54","13","12.48","14","16.65","18","16.53","19","17.05","18","11.05","12","16.07","22","20.75","25","16.13","36","11.51","27","16.65","37","13.99","30","18.32","47","15.18","49","16.84","55","15.94","59","11.58","20","13.26","24","11.04","26","18.82","29","20.21","31","20.53","33","126.99","143","136.90","153","151.51","169","132.92","148","139.68","157","146.39","163","165.40","188","128.44","150","112.31","128","133.69","145","127.58","145","144.10","322","136.33","305","155.92","351","120.30","278","130.49","290","141.35","474","147.12","501","124.15","418","76.33","49","86.19","52","118.83","71","84.71","48","71.39","46","102.74","59","94.67","64","76.87","46","74.18","44","95.66","54","100.68","61","102.40","123","77.93","94","99.03","123","75.41","90","98.18","115","91.55","165","91.84","169","89.97","159","177.36","94","188.84","101","184.10","98","182.18","100","207.57","111","191.71","104","234.63","124","181.47","104","150.70","84","171.24","91","154.67","84","186.44","199","194.88","211","213.04","228","166.02","188","162.68","175","191.35","309","203.00","332","158.23","259",
"00NE","Conwy","124.87","111","115.35","102","112.32","99","107.56","90","85.61","73","99.90","84","77.57","63","70.18","58","47.20","42","57.43","53","58.05","49","113.72","201","96.63","163","88.58","147","58.73","100","57.87","102","101.96","262","82.22","205","54.44","144","34.24","31","25.47","22","37.56","33","28.66","25","19.61","23","27.83","37","36.00","47","21.17","34","193.70","170","165.41","141","136.33","114","87.25","75","92.34","79","174.81","225","125.66","158","84.78","110","10.39","26","8.26","20","3.65","10","39.60","40","17.39","17","20.98","26","23.93","21","17.40","18","18.25","19","12.94","14","17.00","22","7.31","11","9.87","10","10.84","11","19.20","43","20.70","39","15.59","33","12.16","33","10.41","21","20.79","65","16.04","55","9.34","32","13.37","27","6.36","13","7.35","17","27.71","38","25.62","42","10.82","15","158.08","161","129.87","132","152.00","151","135.50","140","123.70","128","108.34","112","126.70","127","113.25","118","105.29","114","103.25","107","113.95","116","140.83","283","129.71","268","117.59","239","109.33","232","108.59","223","137.26","419","116.15","357","107.30","337","84.96","51","96.34","52","95.16","57","103.43","58","93.37","50","70.09","39","84.97","48","76.63","42","71.05","43","71.78","42","80.05","44","95.70","109","98.36","108","77.78","87","73.96","85","76.19","86","97.35","165","77.43","129","74.28","129","230.72","110","159.98","78","207.68","94","165.35","82","152.53","78","145.52","73","166.57","79","148.71","76","138.96","71","133.51","65","147.79","72","183.83","172","159.11","160","156.02","152","143.91","147","140.26","137","175.14","254","153.57","228","139.67","208",
"00NG","Denbighshire","130.10","104","163.66","131","140.70","110","92.15","72","119.23","92","89.19","68","91.82","75","81.29","65","70.86","58","60.62","51","47.16","37","151.77","241","105.68","164","90.55","143","76.05","123","53.76","88","117.38","274","87.32","208","59.62","146","46.83","38","57.83","44","39.49","31","21.88","18","23.60","22","49.65","57","33.85","40","22.92","31","258.59","203","152.93","120","139.36","112","129.35","105","83.38","66","185.69","217","138.91","168","95.95","115","6.73","15","9.22","20","8.81","21","27.56","25","17.52","14","20.58","19","21.68","18","16.25","18","21.37","20","9.63","9","10.35","12","12.82","12","13.74","12","10.75","10","19.12","33","18.96","36","15.43","29","11.62","24","12.26","22","19.49","55","13.73","41","12.46","34","14.19","23","7.27","14","10.62","15","24.56","32","20.14","27","14.23","19","190.01","165","149.91","128","158.39","141","144.90","125","131.13","121","146.71","133","126.61","112","136.83","124","113.71","100","115.94","101","88.03","80","154.24","269","137.89","246","136.45","245","125.49","224","102.15","181","144.69","387","136.36","369","105.94","281","108.41","53","95.62","43","98.50","47","112.75","52","68.26","36","75.95","40","94.83","43","106.97","52","70.01","32","96.01","39","68.21","34","97.01","90","90.38","88","85.50","83","88.86","84","82.28","73","93.17","135","92.17","135","78.10","105","271.37","112","201.08","84","218.60","94","177.85","73","193.43","85","216.48","93","159.61","69","166.24","72","157.91","68","138.19","62","107.06","46","210.02","178","185.36","158","187.49","162","162.01","140","122.82","108","196.59","252","180.27","234","134.59","176",
"00NJ","Flintshire","60.82","82","69.19","92","66.08","89","51.63","68","56.62","75","98.54","131","66.98","90","86.12","115","72.46","95","41.39","54","67.55","90","67.63","181","54.16","143","82.79","221","79.38","210","54.39","144","58.16","232","83.85","336","60.48","239","20.79","28","20.53","27","27.24","37","24.07","32","16.55","22","22.21","44","27.74","56","17.64","35","112.20","153","86.75","116","135.65","184","132.06","178","89.80","122","92.62","188","137.37","280","100.71","204","3.23","12","10.80","43","6.80","27","17.33","26","9.20","13","13.93","19","11.40","16","11.17","16","10.60","15","11.45","15","9.40","15","11.08","17","13.28","20","13.40","21","11.56","32","11.29","32","11.00","30","10.24","32","13.36","41","12.18","51","10.46","45","12.62","58","7.96","17","8.82","19","5.33","13","16.40","34","12.26","26","19.98","45","126.73","183","124.20","174","139.78","196","134.03","188","125.67","173","124.32","178","135.22","188","135.95","196","129.46","182","117.30","165","101.33","146","131.89","370","129.86","361","129.87","366","132.82","378","109.45","311","133.29","557","131.98","562","116.19","493","83.81","62","68.20","51","93.40","66","83.06","61","82.45","57","73.05","54","90.27","62","82.33","60","71.56","52","75.26","54","71.49","52","80.78","117","82.69","118","81.86","116","77.09","112","73.47","106","86.28","184","81.96","176","72.88","158","169.21","121","177.32","122","185.99","130","182.00","127","168.49","116","174.00","124","178.84","126","188.92","136","185.73","130","158.53","111","131.04","94","181.27","252","175.30","243","176.44","250","187.51","266","144.89","205","179.07","373","180.79","386","158.57","335",
"00NL","Wrexham","89.28","109","73.35","89","76.82","93","71.13","85","85.88","106","67.05","81","66.55","83","55.52","67","58.90","73","52.37","63","56.05","69","75.03","182","78.52","191","66.78","164","57.16","140","54.28","132","78.06","284","62.98","231","55.81","205","22.10","26","27.40","32","14.72","17","14.09","17","24.89","30","26.38","46","15.71","28","19.95","36","127.05","156","127.85","159","116.97","147","98.30","123","82.11","102","128.12","238","108.49","203","89.80","169","7.91","29","4.58","17","4.97","18","15.80","20","16.79","19","16.12","20","17.44","22","9.37","12","15.42","19","12.77","16","9.91","14","10.69","12","15.79","20","4.23","6","16.39","39","13.40","34","14.15","35","10.28","26","10.00","26","14.27","54","12.75","49","10.22","38","6.73","14","8.66","18","7.40","14","21.77","40","16.57","31","13.03","24","122.92","154","124.54","155","129.42","160","126.15","156","137.72","169","115.36","146","106.79","138","105.36","134","113.39","144","107.90","137","92.55","119","126.86","315","131.82","325","111.16","284","109.43","278","100.16","256","131.06","485","109.14","418","104.56","400","78.19","52","68.68","45","67.61","41","76.71","48","67.76","42","69.17","45","70.60","46","51.28","35","59.49","37","54.93","36","46.97","31","68.17","86","72.30","90","69.91","91","55.48","72","50.73","67","70.75","131","63.70","126","53.74","104","166.00","102","178.91","110","190.54","119","173.98","108","204.88","127","159.64","101","142.86","92","157.63","99","167.03","107","159.72","101","137.24","88","184.51","229","189.23","235","151.42","193","162.38","206","148.60","189","189.68","354","153.36","292","154.68","296",
"00NN","Powys","46.95","46","39.20","38","55.67","54","45.91","44","41.38","42","71.58","70","45.01","44","41.28","44","55.66","53","36.15","38","39.16","40","47.30","92","43.56","86","58.43","114","48.54","97","37.67","78","47.61","140","52.76","158","43.77","131","16.48","16","14.85","17","16.48","17","15.67","16","19.41","20","13.78","23","15.20","24","19.39","29","76.16","76","70.00","69","97.03","97","78.43","81","54.74","58","79.04","117","87.28","134","66.22","102","4.08","12","1.65","6","4.21","12","27.84","35","12.45","13","9.02","12","14.89","17","15.32","19","10.61","13","9.02","11","8.40","9","15.17","21","10.95","14","11.66","19","10.78","25","15.05","36","9.88","24","11.76","30","11.32","33","13.10","48","9.41","33","12.61","54","5.02","13","3.45","7","11.32","27","20.35","35","15.06","26","13.63","27","196.67","236","177.92","201","184.57","214","167.04","191","201.07","230","191.05","217","197.97","227","138.90","166","167.32","200","166.57","194","164.64","200","181.13","415","184.26","421","194.50","444","153.05","366","165.45","394","184.48","635","175.83","610","166.07","594","144.58","94","109.82","64","135.50","83","80.17","49","116.47","72","127.40","74","120.28","72","105.89","62","113.77","71","107.12","69","122.27","75","122.59","147","98.33","121","123.60","146","109.75","133","114.52","144","110.71","204","117.58","208","114.42","215","244.27","141","240.32","136","228.24","131","248.57","142","278.66","158","253.06","143","270.49","155","169.85","104","217.50","129","221.63","125","204.09","125","234.02","267","263.99","300","261.90","298","193.69","233","212.71","250","252.29","431","230.91","402","214.31","379",
"00NQ","Ceredigion","53.95","39","33.67","21","35.16","24","43.29","29","44.17","27","36.28","27","46.74","35","49.34","35","54.73","36","38.67","28","36.34","23","34.50","45","44.06","56","41.49","62","51.88","71","37.65","51","41.02","80","44.12","97","43.21","87","9.53","6","19.96","13","9.88","6","28.93","19","3.88","4","15.85","16","16.69","15","11.64","14","59.83","39","69.03","43","73.40","56","76.24","52","74.82","47","66.99","64","72.19","82","77.69","73","5.76","12","6.43","14","3.46","7","21.71","15","9.90","8","9.16","7","11.57","9","15.97","12","8.92","8","23.61","19","14.30","11","3.55","3","5.56","5","10.24","8","9.54","15","13.81","21","16.29","27","9.00","14","7.85","13","12.25","28","15.56","38","6.40","16","14.34","16","7.45","11","3.89","6","10.08","12","24.12","27","8.82","10","179.61","132","140.11","98","175.48","124","147.31","106","211.92","153","205.95","148","203.34","150","164.46","130","146.72","100","149.45","105","143.19","106","157.76","222","179.57","259","204.74","298","155.55","230","146.13","211","178.25","383","191.51","428","146.17","311","130.47","51","86.49","30","129.74","48","69.65","28","155.37","56","141.78","52","150.65","56","129.25","51","77.04","26","125.12","44","99.26","42","108.16","78","111.71","84","146.37","108","102.98","77","112.18","86","117.84","132","141.12","159","100.24","112","227.97","81","196.20","68","220.52","76","225.92","78","267.86","97","271.54","96","255.53","94","200.12","79","224.35","74","175.37","61","188.40","64","208.08","144","247.68","175","263.96","190","212.48","153","181.46","125","238.70","251","242.88","269","195.68","199",
"00NS","Pembrokeshire","92.24","86","94.20","86","99.58","86","60.31","54","80.78","74","78.68","69","94.05","86","78.92","76","47.40","42","41.34","38","59.91","54","96.79","172","70.59","128","86.60","155","63.18","118","50.58","92","80.32","214","83.83","231","49.47","134","32.10","33","17.87","17","26.24","26","14.72","16","15.68","15","21.10","31","22.39","34","15.50","23","161.65","139","123.81","111","147.12","129","112.65","102","86.28","77","139.66","183","145.41","197","84.19","111","5.80","15","7.91","24","2.18","6","23.81","26","21.35","23","18.18","20","10.98","11","11.26","14","7.76","10","12.02","17","14.41","18","8.73","9","11.33","12","19.00","21","19.82","43","11.15","25","9.90","27","11.64","27","15.22","33","13.48","45","11.36","45","13.07","42","10.11","20","10.04","22","8.36","14","16.70","25","12.60","23","17.92","28","213.25","219","210.57","216","179.45","184","172.64","170","182.18","188","204.67","208","169.80","183","165.58","175","147.97","155","152.58","161","121.80","132","195.18","400","177.45","358","187.24","391","156.71","330","137.13","293","177.86","542","180.08","566","140.73","448","157.44","82","125.46","72","127.92","70","134.70","67","139.79","76","130.34","70","114.85","67","120.01","69","113.81","60","116.69","66","95.66","51","126.88","142","137.11","143","122.66","137","116.84","129","106.09","117","133.74","213","121.89","206","108.75","177","275.23","137","296.13","144","231.40","114","211.04","103","226.94","112","279.59","138","223.50","116","210.73","106","183.89","95","188.78","95","149.17","81","263.81","258","219.27","215","251.41","254","197.51","201","168.86","176","223.01","329","237.72","360","173.65","271",
"00NU","Carmarthenshire","84.05","121","86.72","126","69.33","104","57.93","83","59.88","86","67.62","101","53.99","81","58.92","88","48.60","73","42.17","63","39.20","61","77.99","230","58.97","169","60.75","182","53.78","161","40.68","124","62.42","273","60.25","270","43.32","197","29.10","46","20.08","31","17.89","27","12.79","19","10.65","17","19.44","46","17.23","39","10.40","24","129.75","184","99.63","138","104.97","155","96.10","142","72.06","107","107.47","227","104.59","231","77.47","173","3.60","16","5.12","24","3.15","16","14.31","24","20.47","36","13.08","21","6.99","11","11.45","20","21.03","35","16.06","28","6.80","13","7.96","16","14.77","23","7.98","14","16.73","57","9.22","31","18.55","63","7.39","29","11.39","37","10.47","52","14.54","76","10.24","53","7.89","19","8.23","26","6.98","19","13.47","33","20.86","50","13.66","34","161.97","260","163.80","261","158.07","257","127.95","211","124.22","207","155.21","255","147.51","240","128.92","213","110.94","192","110.03","182","119.26","208","161.09","518","126.07","418","151.35","495","120.02","405","114.71","390","136.60","675","143.61","708","113.51","582","109.15","94","104.28","92","108.99","94","94.16","80","84.22","69","103.63","85","104.41","89","76.87","69","82.55","76","65.51","59","77.85","72","106.68","186","89.16","149","104.36","174","79.76","145","71.79","131","95.69","243","94.98","243","75.40","207","218.10","166","225.15","168","208.98","163","162.70","131","167.32","138","208.19","170","192.32","151","181.02","144","139.97","116","154.94","123","161.43","136","217.06","331","165.11","269","200.01","321","160.63","260","158.17","259","179.51","432","193.37","465","152.16","375",
"00NX","Swansea","111.70","234","85.66","178","88.25","189","80.41","170","79.44","174","89.66","194","84.54","188","117.76","257","84.23","186","73.47","162","69.34","154","86.99","367","79.90","344","87.07","382","101.02","443","71.25","316","82.54","533","97.48","639","75.63","502","32.45","66","28.67","63","29.62","63","34.78","67","23.28","50","31.69","102","34.61","105","23.82","75","140.82","301","130.43","281","144.11","319","165.84","376","116.84","266","132.60","431","159.69","534","125.37","427","9.45","62","11.39","76","7.68","51","20.75","46","11.54","26","22.70","52","19.59","42","16.94","40","17.58","40","12.34","27","14.00","31","12.51","27","11.81","28","14.35","33","17.11","78","18.33","82","14.94","67","13.30","58","13.12","61","19.82","134","14.61","98","12.92","88","11.93","41","8.98","33","5.49","22","27.85","93","20.11","65","20.02","66","146.26","316","119.63","261","133.50","292","117.29","258","124.22","279","130.70","294","117.81","261","113.36","250","111.60","244","100.14","226","110.23","247","126.49","553","120.78","537","124.11","555","112.66","494","105.22","473","125.21","829","120.45","805","107.28","717","81.42","94","67.98","79","86.12","99","60.04","71","82.99","94","80.76","98","75.60","88","76.78","91","62.16","73","48.19","60","65.92","80","77.00","178","71.59","165","78.19","186","69.65","164","57.05","140","76.65","264","77.71","277","58.67","213","211.07","222","171.15","182","179.48","193","173.11","187","165.46","185","179.41","196","159.04","173","148.84","159","159.73","171","150.13","166","152.61","167","175.15","375","169.26","372","168.96","369","154.53","330","151.43","333","172.82","565","162.10","528","154.08","504",
"00NZ","Neath Port Talbot","87.04","104","73.72","84","73.35","88","75.14","86","71.55","86","89.30","108","78.28","96","83.11","100","63.33","77","57.93","69","63.47","78","73.55","172","73.23","172","83.83","204","73.41","177","60.71","147","73.22","260","83.49","304","61.51","224","17.68","22","26.31","31","30.89","39","29.33","35","22.94","27","24.15","44","31.33","59","23.89","42","129.97","150","121.29","141","136.64","165","117.58","142","98.71","120","123.18","216","135.61","245","99.35","182","10.09","35","8.96","33","6.21","22","19.23","23","20.16","26","17.76","22","19.15","24","15.94","20","22.71","32","14.37","19","10.41","14","5.16","8","7.43","10","8.28","12","18.97","48","17.56","44","18.54","51","7.82","22","7.90","22","17.60","66","15.80","65","6.97","30","6.10","15","6.87","18","5.53","13","28.84","51","24.42","47","8.49","17","141.39","177","126.81","158","130.37","160","125.30","154","143.83","180","150.15","194","103.07","134","118.45","151","99.51","135","91.95","118","108.09","137","128.64","318","134.54","334","126.64","328","109.08","286","100.04","255","133.06","494","123.80","479","99.90","390","70.22","46","74.75","49","59.76","37","59.62","39","83.06","53","100.65","70","69.09","48","52.67","37","64.02","47","59.92","40","54.30","37","67.23","86","71.25","92","84.96","118","58.37","84","57.05","77","67.47","129","74.26","155","59.23","124","213.12","131","177.84","109","202.32","123","190.65","115","204.21","127","199.21","124","135.77","86","183.83","114","135.08","88","123.68","78","161.76","100","190.12","232","197.47","242","167.40","210","159.65","202","142.83","178","198.78","365","172.54","324","140.36","266",
"00PB","Bridgend","87.61","102","73.91","86","62.57","72","58.04","66","60.74","70","81.63","94","62.85","74","62.74","74","62.73","72","50.38","59","50.06","60","68.26","158","59.41","136","72.21","168","62.78","146","50.18","119","60.50","208","69.01","242","54.44","191","14.41","17","11.57","13","18.31","22","14.01","16","12.86","15","11.80","20","18.07","32","12.24","21","121.55","141","106.37","123","124.87","146","110.03","130","86.04","104","108.34","188","118.80","210","94.87","170","6.73","23","6.56","24","5.17","18","20.22","24","10.82","12","13.91","18","14.94","18","14.21","17","8.81","11","16.52","22","8.96","12","6.52","8","10.04","12","8.42","12","12.37","30","14.56","35","12.69","33","7.75","20","9.24","24","14.34","53","11.46","45","8.33","32","11.49","21","6.76","15","3.27","7","17.43","32","16.16","30","13.37","25","98.38","119","119.61","143","114.81","142","110.31","137","119.07","144","98.04","121","105.33","132","88.67","113","85.27","108","80.55","100","96.46","123","117.19","285","114.64","281","101.75","253","87.05","221","88.46","223","114.76","423","97.33","366","87.41","331","62.36","38","62.75","40","62.67","41","65.03","42","73.26","44","63.76","39","53.54","35","37.07","26","48.47","31","49.59","31","45.43","31","62.45","81","68.90","86","58.67","74","42.68","57","47.50","62","66.92","127","51.49","100","47.88","93","134.76","81","176.36","103","167.57","101","155.61","95","164.82","100","132.18","82","156.13","97","139.37","87","121.27","77","111.83","69","146.04","92","172.27","204","160.46","195","144.31","179","130.59","164","128.67","161","162.83","296","142.59","266","126.18","238",
"00PD","The Vale of Glamorgan","58.97","60","26.11","26","36.23","36","39.06","42","53.78","54","48.74","52","50.20","54","44.63","49","46.70","49","42.36","46","29.36","32","31.16","62","46.49","96","49.40","106","45.70","98","35.87","78","43.09","132","47.80","155","39.42","127","7.74","8","9.21","10","16.29","18","16.15","16","17.96","20","9.31","15","15.82","26","17.71","28","55.74","54","85.06","86","82.82","88","75.46","82","54.24","58","78.24","117","80.16","129","61.45","99","3.84","11","5.85","19","2.95","9","13.55","16","11.63","13","5.65","8","12.42","15","11.78","13","9.24","12","11.07","12","11.20","13","12.11","17","14.67","16","9.29","11","8.61","21","12.08","28","10.12","24","11.68","30","12.00","27","9.95","36","10.46","37","12.02","44","7.98","16","7.08","14","8.56","16","11.64","20","13.84","23","15.56","28","96.64","109","60.42","69","54.14","65","78.86","95","75.32","89","103.31","125","83.74","98","93.60","112","96.35","118","81.90","98","81.44","97","57.15","134","77.03","184","93.52","223","95.07","230","81.72","195","69.48","249","93.33","335","86.58","313","65.59","41","41.31","25","36.95","26","59.05","37","53.04","30","66.90","46","76.88","45","67.73","43","83.56","52","73.45","47","58.75","38","39.06","51","55.99","67","71.89","91","75.58","95","66.18","85","49.84","93","70.41","134","71.89","137","127.06","68","81.20","44","71.64","39","100.27","58","100.35","59","138.33","79","91.64","53","120.94","69","109.48","66","87.86","51","102.63","59","76.27","83","100.25","117","115.08","132","115.26","135","95.33","110","90.78","156","116.68","201","100.16","176",
"00PF","Rhondda Cynon Taff","67.20","144","65.19","142","82.25","180","80.30","180","82.24","184","96.83","215","79.92","176","92.86","206","80.73","179","83.77","181","55.39","119","73.70","322","81.32","364","88.41","391","86.84","385","69.47","300","81.60","544","89.87","597","73.28","479","21.08","47","23.98","53","36.14","77","33.48","72","27.60","58","21.93","73","37.83","121","26.89","86","127.59","275","138.68","311","140.11","314","139.76","313","111.30","242","141.62","471","141.48","476","119.38","393","6.44","43","7.01","48","5.75","39","9.86","21","17.03","39","11.63","29","18.69","44","21.39","48","21.69","53","15.50","39","17.94","43","14.41","32","22.59","48","18.89","43","14.33","68","20.00","92","18.64","92","16.17","75","20.74","91","17.22","121","18.39","135","18.62","123","14.10","51","11.87","49","11.61","39","20.45","70","24.75","86","25.64","84","96.20","210","101.23","225","113.25","258","144.85","331","132.95","308","137.51","322","147.70","342","123.13","291","115.64","256","113.19","249","121.17","271","107.23","483","138.91","639","142.58","664","119.45","547","117.20","520","130.42","897","136.07","955","116.66","776","50.01","54","58.32","65","58.66","72","67.75","82","78.16","96","59.86","76","81.20","100","84.03","102","75.63","87","68.72","77","61.37","71","58.39","137","72.99","178","70.42","176","79.90","189","65.02","148","68.25","250","74.77","278","68.50","235","142.60","156","145.53","160","166.52","186","220.72","249","186.37","212","214.41","246","213.33","242","162.26","189","154.42","169","157.34","172","181.76","200","156.07","346","203.64","461","213.94","488","158.38","358","169.62","372","191.39","647","196.93","677","164.59","541",
"00PH","Merthyr Tydfil","97.21","50","154.27","76","148.48","74","118.48","59","155.98","79","115.95","58","91.19","47","108.57","57","138.29","71","74.21","37","74.04","39","151.53","150","137.15","138","103.74","105","123.23","128","74.08","76","141.00","212","105.86","162","95.57","147","36.16","18","36.15","18","23.58","12","30.18","16","24.54","12","40.82","30","15.89","12","36.70","28","268.11","132","238.47","120","183.61","93","216.54","112","124.81","64","241.82","182","195.77","150","154.96","119","10.59","16","14.42","22","7.55","11","25.50","14","17.14","9","19.46","10","10.36","6","21.88","11","12.84","7","27.41","15","19.39","10","28.15","14","26.97","14","14.40","7","18.29","19","16.15","17","20.10","22","23.95","24","20.77","21","17.17","27","20.05","32","23.07","35","7.43","7","9.10","8","17.46","13","26.79","20","30.46","24","28.27","22","149.95","78","152.54","82","205.36","106","167.35","88","195.74","103","192.88","100","181.43","95","139.88","74","137.34","70","147.42","76","106.95","54","178.67","188","181.03","191","186.93","195","138.84","144","127.25","130","188.77","297","171.57","269","130.52","200","81.84","21","81.22","24","74.90","20","70.61","20","90.97","23","105.74","30","102.45","29","116.69","30","81.49","21","67.26","18","57.19","14","78.39","44","80.80","43","103.84","59","99.30","51","62.07","32","78.46","63","108.11","89","68.22","53","216.64","57","221.54","58","335.54","86","263.21","68","301.61","80","278.72","70","259.13","66","163.00","44","193.20","49","226.31","58","156.54","40","277.98","144","281.47","148","268.85","136","178.81","93","191.55","98","299.17","234","234.14","180","192.14","147",
"00PK","Caerphilly","85.08","132","81.93","127","78.49","123","77.68","120","96.59","149","86.35","139","83.98","135","83.03","133","83.17","132","59.76","94","54.51","84","80.20","250","87.13","269","85.23","274","83.17","265","57.17","178","84.32","392","84.51","407","65.87","310","25.41","41","33.63","51","25.63","41","29.27","46","21.77","33","33.83","78","24.19","58","26.94","62","135.72","208","141.87","218","145.42","233","137.61","219","92.95","145","135.97","314","145.47","349","105.20","248","6.67","32","6.16","30","3.95","19","16.38","28","18.17","31","16.64","29","12.40","21","15.26","27","21.04","35","17.83","28","16.26","27","17.90","29","17.70","31","12.45","21","17.41","60","13.83","48","19.43","63","17.08","56","15.08","52","14.77","77","18.38","90","15.99","81","8.98","25","11.72","29","10.99","30","20.64","52","25.05","61","20.86","51","98.07","162","118.47","196","119.66","196","120.96","196","150.59","245","155.00","253","138.89","228","137.59","228","111.45","183","112.21","190","120.94","196","119.06","392","135.72","441","146.90","481","124.58","411","116.61","386","130.39","637","143.70","709","114.87","569","55.95","47","57.81","51","74.79","62","72.16","58","87.95","72","93.08","76","86.32","72","77.23","65","79.94","68","70.17","61","82.07","67","66.32","113","79.99","130","89.66","148","78.56","133","76.19","128","78.18","192","85.44","213","77.34","196","139.85","114","180.02","145","165.10","134","169.86","138","214.40","173","216.60","177","191.45","156","198.25","163","143.03","115","154.66","129","160.28","129","172.39","279","192.08","311","203.92","333","170.73","278","157.42","258","183.13","445","201.95","496","152.64","373",
"00PL","Blaenau Gwent","101.58","63","111.06","69","119.03","73","132.35","82","131.46","83","119.17","76","67.25","41","74.15","47","104.33","67","85.48","53","84.44","53","114.98","142","132.11","165","93.02","117","89.06","114","84.84","106","127.81","238","86.98","164","91.56","173","31.20","20","45.55","30","32.21","20","23.13","15","23.71","16","42.70","41","27.80","26","25.42","25","201.42","122","219.65","135","156.67","97","156.04","99","148.15","90","214.62","197","148.43","138","159.57","148","15.44","28","4.90","9","4.83","9","21.17","13","13.98","9","22.53","14","19.01","13","20.44","13","20.43","14","27.11","18","15.01","9","19.89","14","13.32","9","12.08","7","18.27","23","19.63","26","23.72","32","17.53","23","12.77","16","20.45","40","20.78","41","15.13","30","13.11","14","12.91","14","15.14","16","27.66","26","28.87","27","15.01","14","157.65","102","172.18","110","153.03","96","152.06","103","199.80","129","169.43","112","158.68","104","128.78","85","141.42","90","110.05","71","79.14","50","162.47","206","175.59","232","164.34","216","135.38","175","94.61","121","167.73","328","152.21","301","110.46","211","102.20","33","111.56","36","98.25","33","87.78","32","137.25","43","92.86","32","75.44","27","56.57","19","108.08","36","78.99","26","32.85","12","104.83","69","112.35","75","84.29","59","82.66","55","56.11","38","107.72","108","74.79","78","73.45","74","213.12","69","232.24","74","208.24","63","220.15","71","263.88","86","245.24","80","243.99","77","201.05","66","174.97","54","140.81","45","127.24","38","220.71","137","241.49","157","245.28","157","188.20","120","133.76","83","230.10","220","230.27","223","147.85","137",
"00PM","Torfaen","106.35","85","103.58","81","93.10","75","71.43","57","100.84","79","98.55","80","96.99","77","105.43","84","91.24","77","82.15","65","71.16","57","98.45","156","86.14","136","97.96","157","98.36","161","76.56","122","88.57","211","100.28","241","81.48","199","38.79","32","32.84","25","38.54","31","37.25","32","36.80","29","33.65","40","37.89","46","37.25","46","159.28","124","139.72","111","157.51","126","159.88","129","115.72","93","144.05","171","163.08","195","124.97","153","8.93","21","4.99","12","3.01","7","17.55","16","20.52","18","9.57","8","17.93","15","11.68","10","13.72","12","12.94","11","11.12","11","18.90","17","14.33","14","12.69","11","15.09","26","14.78","25","13.34","23","15.03","28","13.51","25","13.08","33","12.56","34","15.16","42","11.76","15","11.19","15","10.63","17","14.53","18","14.11","19","19.41","25","111.13","99","127.62","108","132.34","116","138.15","119","134.50","115","149.24","128","132.00","113","118.78","102","134.28","117","101.54","91","112.77","96","129.95","224","136.26","234","140.82","241","126.59","219","107.18","187","135.05","350","133.40","343","116.07","304","64.56","31","73.35","32","49.40","24","95.25","43","99.12","43","104.67","44","73.55","30","51.58","23","86.65","39","79.37","38","89.86","37","61.52","56","96.91","86","89.09","74","69.05","62","84.68","75","81.02","110","76.42","97","85.29","114","156.69","68","182.01","76","213.68","92","178.59","76","171.22","72","196.26","84","191.83","83","186.74","79","183.54","78","124.89","53","136.63","59","197.74","168","175.11","148","194.27","167","185.26","157","130.88","112","188.30","240","191.55","246","148.03","190",
"00PP","Monmouthshire","46.57","31","57.73","41","51.85","36","64.67","44","62.73","41","52.95","37","46.08","32","58.85","39","63.08","45","46.99","32","36.07","26","54.71","77","63.61","85","49.53","69","60.99","84","41.36","58","59.59","121","52.48","108","48.71","103","26.17","19","21.73","12","10.73","9","10.12","7","31.26","21","20.95","19","10.22","12","24.60","25","82.47","58","105.29","73","85.70","60","108.98","77","50.68","37","97.79","102","91.97","96","71.55","78","5.48","11","-","<3","1.45","4","12.30","11","12.52","10","15.43","14","13.42","13","15.06","11","3.07","3","3.76","4","8.10","6","6.48","5","7.57","9","7.93","7","14.08","24","14.22","24","3.42","7","7.29","11","7.70","16","14.59","38","5.04","13","7.25","21","10.64","15","3.22","6","2.97","6","18.52","23","6.57","7","11.52","15","160.93","123","168.68","137","177.28","142","176.01","140","192.00","155","141.87","110","137.33","110","117.37","91","129.11","102","154.57","131","109.76","94","173.37","279","184.10","295","139.80","220","123.34","193","132.10","225","181.65","437","132.27","311","131.07","327","104.18","42","127.69","56","107.67","44","129.96","54","139.58","58","73.36","32","88.59","38","90.23","34","101.96","39","107.47","51","69.83","34","117.71","100","134.71","112","81.08","70","96.30","73","88.71","85","125.67","156","83.92","104","93.21","124","214.31","81","207.88","81","245.22","98","222.11","86","242.46","97","206.42","78","183.68","72","143.11","57","155.92","63","197.50","80","146.88","60","226.81","179","232.44","183","195.27","150","149.37","120","172.00","140","236.40","281","177.80","207","166.77","203",
"00PR","Newport","110.91","140","124.48","156","119.19","153","131.99","166","124.61","160","138.98","183","145.86","190","144.03","191","127.70","170","102.15","134","82.97","111","121.76","309","128.08","326","142.27","373","135.94","361","92.42","245","125.27","479","142.86","564","103.97","415","42.72","53","50.94","67","46.13","61","60.08","80","36.80","49","45.41","89","54.13","108","41.26","82","202.84","256","206.44","259","239.52","312","211.16","281","147.46","196","206.73","390","232.36","456","165.98","333","13.45","51","9.89","37","5.57","22","21.70","29","25.95","35","25.15","35","15.74","22","20.45","28","18.56","25","16.55","25","19.07","27","14.10","19","20.26","29","16.43","23","25.60","70","18.13","50","17.56","50","16.56","46","18.38","52","20.48","85","18.11","77","17.02","71","12.78","27","9.98","25","12.52","28","28.40","58","25.89","52","21.50","43","114.56","152","110.86","150","106.92","147","107.08","146","125.72","172","143.06","193","127.63","177","129.24","177","97.15","134","114.68","158","119.28","164","108.86","297","116.52","318","135.51","370","113.17","311","117.12","322","113.42","465","133.25","547","110.67","456","58.39","42","45.35","32","55.29","41","59.42","43","86.75","62","97.37","67","66.64","49","76.04","54","58.52","44","56.12","41","85.80","63","50.28","73","73.11","105","82.21","116","67.26","98","71.06","104","67.24","146","80.02","170","66.99","148","171.47","110","178.72","118","159.58","106","154.80","103","164.84","110","188.65","126","188.43","128","182.05","123","135.33","90","173.49","117","152.10","101","169.16","224","159.95","213","188.75","254","158.60","213","162.99","218","159.86","319","186.41","377","154.01","308",
"00PT","Cardiff","76.24","247","36.16","118","32.91","106","50.69","173","63.02","222","70.79","251","69.48","250","71.02","257","48.64","185","46.53","173","28.94","106","34.58","224","56.92","395","70.15","501","59.72","442","37.68","279","49.06","501","70.54","758","41.23","464","10.44","31","22.54","75","24.96","83","23.85","85","16.73","62","18.37","89","24.46","126","19.21","104","59.96","193","92.23","320","116.19","418","95.97","357","58.38","217","80.67","412","117.30","632","63.23","360","5.36","56","7.65","86","5.12","58","20.44","65","10.73","34","6.82","22","9.10","28","19.18","60","11.21","39","19.07","63","20.49","64","12.28","38","10.00","31","8.11","26","8.77","56","14.15","88","15.15","102","16.36","102","9.06","57","11.72","110","16.95","166","10.13","95","8.17","41","14.49","76","6.54","33","15.19","69","19.16","90","13.57","62","94.53","300","49.92","164","36.87","123","60.44","199","94.05","307","85.30","289","95.37","317","89.57","304","86.94","289","71.40","242","68.18","234","43.45","287","77.31","506","90.33","606","88.19","593","69.77","476","63.83","629","90.07","910","75.54","765","51.40","85","33.51","57","23.18","42","35.67","61","64.51","107","66.86","119","74.32","129","72.85","130","68.28","119","55.04","98","47.51","90","28.42","99","50.11","168","70.58","248","70.52","249","51.22","188","41.12","210","71.38","378","56.90","307","139.94","215","67.46","107","50.71","81","85.85","138","124.51","200","103.10","170","115.43","188","106.71","174","105.36","170","88.00","144","88.32","144","59.06","188","105.34","338","109.27","358","105.96","344","88.18","288","87.19","419","108.38","532","93.94","458",
"Wales","Wales","82.50","2187","76.34","2018","75.13","2001","70.40","1886","77.83","2098","84.16","2287","76.16","2094","80.30","2208","68.24","1885","57.63","1585","54.12","1498","75.71","4019","74.13","3984","80.16","4381","74.29","4093","55.84","3083","74.47","5985","80.20","6589","59.96","4968","23.78","636","25.39","685","27.02","738","24.95","677","20.98","584","24.64","994","26.86","1101","21.78","898","128.61","3382","123.14","3299","133.28","3643","123.34","3416","90.28","2499","124.77","4991","133.45","5488","97.70","4070","6.83","549","7.53","617","4.96","412","19.24","545","15.21","429","15.15","438","14.46","414","15.40","447","15.24","452","14.66","437","13.52","403","11.88","350","13.56","397","11.97","360","15.18","867","14.93","861","14.96","889","12.71","753","12.77","757","15.00","1299","14.48","1292","12.46","1107","10.14","472","9.50","467","8.46","408","19.86","827","19.37","825","16.37","699","131.24","3676","122.21","3429","124.96","3523","123.09","3498","135.07","3843","136.29","3910","132.42","3801","120.52","3494","112.70","3244","109.16","3140","107.96","3123","123.59","6952","129.09","7341","134.36","7711","116.68","6738","108.57","6263","127.72","10864","129.69","11205","109.94","9507","80.50","1191","73.23","1086","77.49","1156","74.34","1105","86.07","1258","86.35","1290","86.02","1294","78.05","1174","75.31","1123","72.43","1089","71.15","1081","75.38","2242","80.18","2363","86.21","2584","76.72","2297","71.81","2170","79.28","3519","83.46","3758","72.96","3293","182.23","2483","171.40","2337","172.20","2367","171.63","2392","184.21","2585","186.07","2620","178.38","2507","162.81","2320","149.98","2121","145.44","2051","144.41","2042","171.77","4704","177.97","4977","182.20","5127","156.47","4441","144.91","4093","176.05","7344","175.65","7447","146.59","6214",
"7A1","Betsi Cadwaladr ULHB","83.43","495","94.15","553","89.47","525","72.99","425","81.17","473","89.17","522","79.89","473","74.89","441","61.48","361","51.76","312","67.73","401","91.76","1078","77.07","898","84.53","995","68.20","802","59.75","713","81.25","1423","81.25","1436","60.35","1074","26.89","158","26.88","156","30.36","183","19.49","116","21.60","136","27.08","235","27.85","252","19.76","183","156.72","920","126.43","742","137.36","812","115.56","686","96.25","577","134.91","1188","133.28","1184","99.37","891","5.93","103","8.25","144","5.64","101","21.33","137","13.49","85","18.47","117","16.72","104","12.59","84","15.90","102","11.95","77","11.86","85","10.47","71","13.16","91","12.18","85","15.97","202","14.65","188","13.93","179","11.16","156","12.67","176","15.90","305","13.25","264","11.94","247","10.84","116","9.07","98","8.60","101","20.83","189","17.38","166","15.15","146","138.34","876","133.88","841","143.45","896","133.93","848","131.54","828","129.16","829","136.79","870","124.68","809","115.55","744","117.65","746","110.94","713","138.65","1737","132.70","1676","133.00","1699","120.20","1553","114.28","1459","136.30","2572","130.23","2508","114.66","2203","85.08","293","82.78","278","97.23","319","89.62","297","77.36","258","83.01","280","93.32","314","77.97","262","69.34","233","79.99","262","79.22","266","90.00","597","83.48","555","88.26","594","73.74","495","79.63","528","88.06","874","84.83","856","76.17","761","190.61","583","183.42","559","189.19","577","176.73","550","184.44","570","174.67","549","179.35","556","171.27","547","161.43","511","155.00","484","142.45","447","186.28","1136","180.53","1120","176.95","1105","166.43","1058","148.65","931","183.43","1697","175.06","1652","152.85","1442",
"7A2","Hywel Dda LHB","78.92","246","75.15","233","68.72","214","53.63","166","59.99","187","63.50","197","62.86","202","61.83","199","48.59","152","40.87","129","43.34","138","71.93","447","56.90","353","63.20","399","55.26","351","42.12","267","60.85","567","62.74","598","44.23","419","25.91","85","18.68","61","18.47","59","16.17","54","10.46","36","18.77","93","18.13","88","11.99","61","120.40","362","96.48","292","109.01","340","95.47","297","75.08","231","104.60","474","108.38","510","77.68","358","4.63","43","6.24","62","2.84","29","18.81","65","18.42","67","14.13","48","8.70","31","12.31","46","14.19","53","16.30","64","10.96","42","7.32","28","12.03","41","11.45","43","16.26","115","10.51","77","15.28","117","9.18","70","11.75","84","11.71","125","13.79","159","10.28","112","9.79","55","8.72","59","6.72","40","13.71","70","18.91","100","13.91","72","180.53","611","170.68","575","166.67","565","142.12","487","157.39","548","178.30","611","164.26","573","146.62","518","128.15","448","129.50","449","122.89","446","168.77","1140","149.75","1035","171.33","1184","137.49","966","126.22","895","155.32","1600","163.03","1702","126.85","1343","128.21","227","106.49","194","117.21","212","98.10","175","113.34","201","118.25","207","114.40","212","100.35","189","89.73","162","91.67","170","86.93","165","112.05","406","105.63","376","116.49","419","95.11","351","89.36","335","109.38","588","111.13","608","89.51","497","235.52","384","237.23","380","216.94","353","187.07","312","203.61","347","239.71","404","214.61","361","193.28","329","168.47","286","167.65","279","159.69","281","227.06","733","195.47","659","227.15","765","181.08","615","163.64","560","202.60","1012","215.70","1094","165.12","846",
"7A3","Abertawe Bro Morgannwg ULHB","98.21","440","79.00","348","77.66","349","71.51","322","71.95","330","86.99","396","76.70","358","93.88","431","72.64","338","62.83","290","61.89","292","78.36","697","71.72","652","81.84","754","83.33","769","62.29","582","73.64","1001","85.89","1185","65.74","920","23.41","105","23.54","107","27.16","124","27.54","118","19.89","92","24.34","166","29.32","196","20.31","138","132.88","592","119.61","545","136.01","630","138.07","651","103.21","490","122.53","835","141.83","989","109.74","782","8.77","120","9.57","133","6.50","91","20.09","93","13.86","64","18.89","92","17.98","84","15.86","77","16.60","83","13.95","68","11.55","57","8.91","43","10.25","50","11.08","57","16.37","156","16.94","161","15.26","151","10.26","100","10.69","107","17.59","253","14.01","208","10.09","150","10.16","77","7.84","66","4.93","42","25.05","176","19.99","142","15.11","108","132.15","612","121.42","562","126.56","594","115.97","549","127.69","603","126.63","609","109.78","527","107.24","514","100.99","488","92.30","444","104.90","507","123.93","1156","121.82","1152","118.16","1136","104.25","1002","98.61","951","123.48","1746","114.42","1650","99.39","1439","72.72","178","68.44","168","71.90","177","60.33","152","80.63","191","81.73","207","68.05","171","59.15","154","59.38","151","51.41","131","56.64","148","70.10","345","70.44","343","74.91","378","59.37","305","54.00","279","71.06","520","69.65","532","55.76","430","191.33","434","174.02","394","180.83","417","170.92","397","174.52","412","170.67","402","150.51","356","154.38","360","141.71","337","132.11","313","151.44","359","177.41","811","172.73","809","160.49","758","148.24","697","141.83","672","175.43","1226","158.27","1118","141.76","1009",
"7A4","Cardiff and  Vale ULHB","71.00","307","32.93","144","32.67","142","47.47","215","59.70","276","64.50","303","63.96","304","63.89","306","47.30","234","44.82","219","28.96","138","32.85","286","53.64","491","64.22","607","55.54","540","36.85","357","46.75","633","64.18","913","40.25","591","9.54","39","18.83","85","22.28","101","21.47","101","16.92","82","15.73","104","21.80","152","18.62","132","57.51","247","89.54","406","107.11","506","90.18","439","56.77","275","78.88","529","107.44","761","62.02","459","4.86","67","7.25","105","4.58","67","18.54","81","10.62","47","6.59","30","9.63","43","16.87","73","10.70","51","16.21","75","17.52","77","12.14","55","10.88","47","8.20","37","8.60","77","13.26","116","13.45","126","14.82","132","9.54","84","11.05","146","14.83","203","10.40","139","7.89","57","11.98","90","7.13","49","14.12","89","17.45","113","13.66","90","94.24","409","52.19","233","41.50","188","65.07","294","88.83","396","89.44","414","90.98","415","89.82","416","89.05","407","73.43","340","70.45","331","46.86","421","76.97","690","90.20","829","89.43","823","71.94","671","65.18","878","90.01","1245","77.65","1078","55.37","126","35.37","82","26.93","68","42.58","98","59.84","137","66.44","165","72.49","174","70.86","173","71.54","171","60.42","145","51.41","128","31.19","150","51.21","235","69.46","339","71.20","344","55.87","273","43.18","303","69.92","512","61.06","444","134.85","283","70.32","151","56.06","120","88.36","196","118.91","259","111.54","249","109.11","241","108.92","243","106.75","236","86.39","195","89.16","203","63.14","271","103.68","455","110.33","490","107.80","479","87.82","398","87.85","575","109.79","733","94.13","634",
"7A5","Cwm Taf LHB","73.07","194","81.64","218","93.98","254","87.12","239","95.56","263","100.23","273","81.70","223","95.87","263","91.44","250","82.02","218","58.99","158","87.79","472","91.38","502","91.02","496","93.64","513","70.40","376","92.25","756","92.69","759","77.50","626","23.67","65","26.02","71","33.71","89","32.82","88","26.99","70","25.15","103","33.63","133","28.72","114","153.14","407","156.78","431","147.66","407","153.97","425","113.97","306","159.71","653","151.21","626","126.14","512","7.16","59","8.34","70","6.06","50","12.96","35","17.08","48","12.99","39","17.02","50","21.47","59","20.04","60","17.79","54","18.29","53","17.45","47","23.46","62","18.08","50","15.04","87","19.21","109","18.95","114","17.88","100","20.77","112","17.12","148","18.74","167","19.62","159","12.83","58","11.34","57","12.72","52","21.46","90","25.94","110","26.46","107","106.69","288","110.79","307","130.11","364","148.14","419","144.72","411","147.78","422","154.07","437","126.68","365","120.25","327","119.95","325","118.63","325","120.44","671","146.37","830","150.89","859","123.54","692","119.31","650","140.92","1194","142.84","1224","119.58","977","56.11","75","62.30","89","61.15","92","67.86","102","79.82","119","68.65","106","85.40","129","90.22","132","76.67","108","68.57","95","60.51","85","61.73","181","73.87","221","76.95","235","83.54","240","64.49","180","69.62","313","81.21","367","68.50","288","157.24","213","159.82","218","197.76","272","227.04","317","208.52","292","225.99","316","221.64","308","163.45","233","162.55","219","170.46","230","177.38","240","178.80","490","217.69","609","223.82","624","163.06","452","174.01","470","211.02","881","203.94","857","170.20","689",
"7A6","Aneurin Bevan LHB","91.59","451","97.09","474","92.61","460","95.96","469","103.74","512","101.25","515","94.46","475","97.97","494","97.62","497","76.08","379","65.83","331","94.82","934","99.82","981","97.84","990","97.85","991","70.89","710","97.48","1441","97.86","1484","79.81","1207","33.08","165","37.50","185","31.91","162","35.39","181","29.41","148","35.92","267","32.71","250","31.85","241","157.42","768","162.64","796","163.96","828","160.05","810","112.20","562","159.69","1174","163.12","1234","127.48","966","9.71","143","6.10","90","4.12","62","17.96","97","19.33","103","18.20","100","15.04","84","16.45","89","16.53","89","15.77","86","14.57","80","15.85","85","15.72","92","12.83","69","18.79","203","15.74","173","16.15","175","15.22","165","14.28","161","16.56","273","15.64","255","14.78","246","11.11","96","10.11","89","10.62","97","22.06","177","21.07","166","18.83","149","120.72","638","132.49","701","130.81","697","131.89","704","153.91","816","150.50","796","137.51","732","127.79","683","118.03","629","117.00","642","113.20","601","131.67","1398","142.96","1520","144.07","1528","122.96","1312","115.14","1243","138.91","2217","138.52","2211","116.11","1872","70.29","195","74.08","207","73.11","204","82.65","230","103.16","278","93.67","251","78.22","216","70.77","195","81.97","227","74.75","217","77.54","214","73.62","411","92.87","508","85.97","467","76.36","422","76.19","431","86.28","712","80.78","662","78.10","658","170.78","442","191.34","494","188.44","493","181.35","474","205.06","538","206.80","545","196.27","516","184.21","488","154.10","402","158.93","425","148.71","387","189.81","987","193.35","1012","201.65","1061","169.23","890","153.84","812","191.71","1505","195.74","1549","153.95","1214",
"7A7","Powys LHB","46.95","46","39.20","38","55.67","54","45.91","44","41.38","42","71.58","70","45.01","44","41.28","44","55.66","53","36.15","38","39.16","40","47.30","92","43.56","86","58.43","114","48.54","97","37.67","78","47.61","140","52.76","158","43.77","131","16.48","16","14.85","17","16.48","17","15.67","16","19.41","20","13.78","23","15.20","24","19.39","29","76.16","76","70.00","69","97.03","97","78.43","81","54.74","58","79.04","117","87.28","134","66.22","102","4.08","12","1.65","6","4.21","12","27.84","35","12.45","13","9.02","12","14.89","17","15.32","19","10.61","13","9.02","11","8.40","9","15.17","21","10.95","14","11.66","19","10.78","25","15.05","36","9.88","24","11.76","30","11.32","33","13.10","48","9.41","33","12.61","54","5.02","13","3.45","7","11.32","27","20.35","35","15.06","26","13.63","27","196.67","236","177.92","201","184.57","214","167.04","191","201.07","230","191.05","217","197.97","227","138.90","166","167.78","201","166.57","194","164.64","200","181.13","415","184.26","421","194.50","444","153.28","367","165.45","394","184.48","635","175.83","610","166.22","595","144.58","94","109.82","64","135.50","83","80.17","49","116.47","72","127.40","74","120.28","72","105.89","62","113.77","71","107.12","69","122.27","75","122.59","147","98.33","121","123.60","146","109.75","133","114.52","144","110.71","204","117.58","208","114.42","215","244.27","141","240.32","136","228.24","131","248.57","142","278.66","158","253.06","143","270.49","155","169.85","104","218.43","130","221.63","125","204.09","125","234.02","267","263.99","300","261.90","298","194.16","234","212.71","250","252.29","431","230.91","402","214.62","380",
